ProductId,UserId,ProfileName,HelpfulnessNumerator,HelpfulnessDenominator,Ratings,Date,Summary
B001E4KFG0,A3SGXH7AUHU8GW,delmartian,1,1,5,4/27/2011,Good Quality Dog Food
B00813GRG4,A1D87F6ZCVE5NK,dll pa,0,0,1,9/7/2012,Not as Advertised
B000LQOCH0,ABXLMWJIXXAIN,"Natalia Corres ""Natalia Corres""",1,1,4,8/18/2008,"""Delight"" says it all"
B000UA0QIQ,A395BORC6FGVXV,Karl,3,3,2,6/13/2011,Cough Medicine
B006K2ZZ7K,A1UQRSCLF8GW1T,"Michael D. Bigham ""M. Wassir""",0,0,5,10/21/2012,Great taffy
B006K2ZZ7K,ADT0SRK1MGOEU,Twoapennything,0,0,4,7/12/2012,Nice Taffy
B006K2ZZ7K,A1SP2KVKFXXRU1,David C. Sullivan,0,0,5,6/20/2012,Great!  Just as good as the expensive brands!
B006K2ZZ7K,A3JRGQVEQN31IQ,Pamela G. Williams,0,0,5,5/3/2012,"Wonderful, tasty taffy"
B000E7L2R4,A1MZYO9TZK0BBI,R. James,1,1,5,11/23/2011,Yay Barley
B00171APVA,A21BT40VZCCYT4,Carol A. Reed,0,0,5,10/26/2012,Healthy Dog Food
B0001PB9FE,A3HDKO7OW0QNK4,Canadian Fan,1,1,5,2/8/2005,The Best Hot Sauce in the World
B0009XLVG0,A2725IB4YY9JEB,"A Poeng ""SparkyGoHome""",4,4,5,8/27/2010,"My cats LOVE this ""diet"" food better than their regular food"
B0009XLVG0,A327PCT23YH90,LT,1,1,1,6/13/2012,My Cats Are Not Fans of the New Food
B001GVISJM,A18ECVX2RJ7HUE,"willie ""roadie""",2,2,4,11/5/2010,fresh and greasy!
B001GVISJM,A2MUGFV2TDQ47K,"Lynrie ""Oh HELL no""",4,5,5,3/12/2010,Strawberry Twizzlers - Yummy
B001GVISJM,A1CZX3CP8IKQIJ,Brian A. Lee,4,5,5,12/29/2009,"Lots of twizzlers, just what you expect."
B001GVISJM,A3KLWF6WQ5BNYO,Erica Neathery,0,0,2,9/20/2012,poor taste
B001GVISJM,AFKW14U97Z6QO,Becca,0,0,5,8/16/2012,Love it!
B001GVISJM,A2A9X58G2GTBLP,Wolfee1,0,0,5,12/23/2011,GREAT SWEET CANDY!
B001GVISJM,A3IV7CL2C13K2U,Greg,0,0,5,10/8/2011,Home delivered twizlers
B001GVISJM,A1WO0KGLPR5PV6,mom2emma,0,0,5,8/16/2011,Always fresh
B001GVISJM,AZOF9E17RGZH8,Tammy Anderson,0,0,5,6/25/2011,TWIZZLERS
B001GVISJM,ARYVQL4N737A1,Charles Brown,0,0,5,5/9/2011,Delicious product!
B001GVISJM,AJ613OLZZUG7V,Mare's,0,0,5,5/4/2011,Twizzlers
B001GVISJM,A22P2J09NJ9HKE,"S. Cabanaugh ""jilly pepper""",0,0,5,1/20/2011,Please sell these in Mexico!!
B001GVISJM,A3FONPR03H3PJS,"Deborah S. Linzer ""Cat Lady""",0,0,5,10/29/2010,Twizzlers - Strawberry
B001GVISJM,A3RXAU2N8KV45G,lady21,0,1,1,3/25/2012,Nasty No flavor
B001GVISJM,AAAS38B98HMIK,Heather Dube,0,1,4,3/16/2012,Great Bargain for the Price
B00144C10S,A2F4LZVGFLD1OB,DaisyH,0,0,5,6/5/2012,YUMMY!
B0001PB9FY,A3HDKO7OW0QNK4,Canadian Fan,1,1,5,2/8/2005,The Best Hot Sauce in the World
B003F6UO7K,AFM0O9480F04W,Sherril,0,0,5,2/14/2011,Great machine!
B003F6UO7K,A31OQO709M20Y7,"Molly V. Smith ""staral""",0,1,5,10/29/2010,THIS IS MY TASTE...
B001EO5QW8,AOVROBZ8BNTP7,S. Potter,19,19,4,11/13/2006,Best of the Instant Oatmeals
B001EO5QW8,A3PMM0NFVEJGK9,"Megan ""Bad at Nicknames""",13,13,4,12/17/2006,Good Instant
B001EO5QW8,A2EB6OGOWCRU5H,CorbyJames,9,9,5,3/30/2007,Great Irish oatmeal for those in a hurry!
B001EO5QW8,A2CI0RLADCRKPF,T. J. Ryan,3,3,4,5/11/2008,satisfying
B001EO5QW8,A1MYS9LFFBIYKM,"Abby Chase ""gluten free""",2,2,5,9/27/2007,Love Gluten Free Oatmeal!!!
B001EO5QW8,A3MGP2E1ZZ6GRB,"Zardoz ""focuspuller""",1,1,5,3/31/2009,it's oatmeal
B001EO5QW8,A2GHZ2UTV2B0CD,JERRY REITH,0,0,4,10/21/2012,GOOD WAY TO START THE DAY....
B001EO5QW8,AO80AC8313NIZ,kYpondman,0,0,5,9/28/2011,Wife's favorite Breakfast
B001EO5QW8,AQCY5KRO7489S,Garrett,0,0,5,4/22/2011,Why wouldn't you buy oatmeal from Mcanns? Tastes great!
B001EO5QW8,A1WK4ALVZDYPUE,"Dick Baldwin ""christobe""",0,0,5,4/7/2011,Oatmeal For Oatmeal Lovers
B001EO5QW8,A16XFOYQSJREL7,Roger Pugliese,0,0,5,10/14/2010,Food-Great
B001EO5QW8,A17DW6SUOC70DJ,Mother of 9,0,0,5,10/13/2009,Good Hot Breakfast
B001EO5QW8,A2G7B7FKP2O2PU,D. Leschke,0,0,5,5/2/2008,Great taste and convenience
B001EO5QW8,A39Z97950MCTQE,K. A. Freel,0,0,3,3/11/2008,Hearty Oatmeal
B001EO5QW8,AQLL2R1PPR46X,grumpyrainbow,0,0,5,10/19/2007,good
B001EO5QW8,A26AY1TFK8BQXQ,"kbogo ""shoelover""",1,2,3,1/12/2008,Mushy
B001EO5QW8,ALOR97KTZTK1P,knitty pants,1,2,4,10/7/2007,Very good but next time I won't order the Variety Pack
B001EO5QW8,A276999Y6VRSCQ,JMay,0,1,3,4/10/2012,Same stuff
B001EO5QW8,A108P30XVUFKXY,Roberto A,0,7,1,2/19/2008,Don't like it
B000G6RPMY,A3S5KJDA6ED2PS,Mike Kaser,4,4,5,6/2/2009,HOT!  And good!  Came back for more  :)
B000G6RPMY,A9L6L5H9BPEBO,Edwin C. Pauzer,1,1,4,9/29/2012,You'll go nuts over Ass-Kickin' Peanuts.
B000G6RPMY,AQ9DWWYP2KJCQ,"Roel Trevino ""protomex""",0,0,3,7/2/2010,not ass kickin
B002GWHC0G,A1ND7WC5LXOU48,"David Belton ""Proteus 1""",2,2,4,11/28/2011,Roasts up a smooth brew
B002GWHC0G,A2EFAW1P3DRXWO,TJ Fairfax,0,0,5,10/5/2012,Our guests love it!
B004N5KULM,A202WR509428VF,amateur amazon shopper,2,2,5,11/28/2011,Awesome Deal!
B004N5KULM,ASCNNAJU6SXF8,S. Beck,1,1,5,5/5/2012,How can you go wrong!
B004N5KULM,A2A7KXM9B4XW90,"P. Kelso ""Amazon all the way!""",0,0,5,11/4/2011,Awsome - Kids in neighborhood loved us!
B004N5KULM,A2QOGOXPOVKAJG,mimimc,0,0,5,11/1/2011,great deal.
B004N5KULM,A1ZR8O62VSU4OK,"Lisa J. Szlosek ""lisa""",2,4,3,10/16/2011,Better price for this at Target
B004N5KULM,A7ZK2A3VIW7X9,Peggy,0,2,5,10/24/2011,pretty expensive
B001EO5TPM,A1E09XGZUR78C6,gary sturrock,2,2,1,7/6/2008,stale product.
B005DUM9UQ,A3HR0ZZOFKQ97N,RLC,3,3,5,4/4/2012,Hammer Nutrition 's Fizz Rocks!
B005DUM9UQ,A2XIHNXODNZGV4,"ChemProf ""chem professor""",1,1,5,4/5/2012,great source of electrolytes
B005DUM9UQ,A3TWF9DQ6MU87E,dhy4b,1,1,5,3/12/2012,Great for preventing cramps
B005DUM9UQ,AEFIZIJ1FK1BK,Doug,0,0,5,8/17/2012,Low Carb Alternative to Gatorade
B005DUM9UQ,A8OFFIAL6XTOH,Bill Shirer,0,1,2,5/31/2012,Taste is not so good.
B000E7VI7S,A1KL2LAW08X6UQ,calmnsense,0,0,3,1/20/2007,How much would you pay for a bag of chocolate pretzels?
B000E7VI7S,AWCBF2ZWIN57F,C. Salcido,0,2,5,7/30/2007,pretzel haven!
B001GVISJC,A27TKQHFW0FB5N,Chet,2,2,5,10/1/2009,Great Gummi!
B001GVISJC,A3BDOAPSF96WGQ,2tall,1,1,5,11/9/2010,Bigger then other brands
B006SQBRMA,ATYMT48R62ENE,Marie,0,0,5,1/20/2012,Best ever latice tart
B0059WXJKM,A25VFHVGI4CFTP,Diana Robinson,0,1,1,4/30/2012,Warning!  WARNING!  -ALCOHOL SUGARS!
B001EPPI84,A3Q0IDQ03S0158,Jen,0,0,2,10/22/2010,nothing special
B001EPPI84,A27TZ4WBU7N0YF,I. So,0,0,1,5/28/2010,No Tea Flavor
B004X2KR36,A2W3ABLWMJ84NS,Jessica Snyder,0,0,5,9/24/2012,Good
B004X2KR36,A26M5O53PHZTKN,"Debs ""peanut""",0,0,5,9/21/2012,Taste great
B004X2KR36,A2AB7M9UCNBVN7,sharonh4,0,0,3,9/7/2012,Order only in cold weather
B005R8JE8O,A3H1EQD2PBC085,jmc,0,0,5,8/14/2012,this is the best
B0066DMI6Y,AB30HQTI5VOLR,Melinda Bishop,1,1,5,12/29/2011,Delicious!
B0066DMI6Y,AZLONLC8OZPEC,John W. Hollis,1,1,4,12/23/2011,Great
B003ZFRKGO,A2VOZX7YBT0D6D,"Johnnycakes ""Johnnycakes""",15,15,5,1/4/2012,Forget Molecular Gastronomy - this stuff rockes a coffee creamer!
B0019CW0HE,A1FD9E5C06UB6B,BRENDA DEMERS,5,5,3,3/25/2011,Natural Balance Lamb and Rice
B0019CW0HE,AK2CXHH9VRZ2A,I. GLENN,4,4,3,8/13/2011,INCREASED MY DOGS ITCHING
B0019CW0HE,A25BGFRHYHEZKK,Toby's mom,4,4,5,12/21/2010,Great food!
B0019CW0HE,A37N9XZBB8JYOF,Ash52,1,1,5,4/6/2012,Great for my dogs allergies
B0019CW0HE,A1T4L0Q47OZ9N,Wendy,1,1,5,11/10/2011,Great for stomach problems!
B0019CW0HE,A3IMXZE9FCUNOC,Dana,1,1,5,7/26/2011,Better life for you dog!
B0019CW0HE,A1EC57S6C2VLTL,"Lorraine ""Agelechio""",0,0,5,9/12/2012,Great Food
B0019CW0HE,A1OGD72Y2Y26CF,Lisas201,0,0,5,4/26/2012,Great food for my my dog who has a sensitive stomach.
B0019CW0HE,A7JWCYVPF7KCO,gare,0,0,5,4/21/2012,Great dog food
B0019CW0HE,ABG53EBZBKD23,"J. Romagnoli ""*jroma""",0,0,5,4/9/2012,Mmmmm  Mmmmm good.
B0019CW0HE,A3AF72GP4GVRY1,John D. Meara,0,0,5,2/24/2012,Great Dog Food!
B0019CW0HE,A1DJAAKLPCJRZD,wendy,0,0,5,2/19/2012,So convenient
B0019CW0HE,A1BFNM27629VAV,E. Triebe,0,0,5,11/1/2011,Good healthy dog food
B0019CW0HE,A18AAABCIJKC5Q,Rhiever,0,0,5,4/26/2011,Great dog food
B0019CW0HE,A3UII2114114PI,"FuNky Faja ""SiLkk""",0,0,5,2/10/2011,"Great allergy sensitive dog food, dogs love it"
B0019CW0HE,ABZ9F0D94YK45,Amazon-tron 3000,0,0,5,1/18/2011,Perfect for our English Bulldog with Allergies
B0019CW0HE,A2P6ACFZ8FTNVV,Melissa Benjamin,0,1,1,3/8/2012,Bad
B004K2IHUO,A1SYSKR79LA2CB,"Mycroft ""Virture is its own punishment""",4,5,5,1/27/2009,Taste wise it is a 6 star item
B004K2IHUO,A3D1TXE98KRKYO,"Danny ""The Student""",2,3,4,10/26/2009,Great Support
B004K2IHUO,AVCA516CFZ9HF,S. Fowler,0,0,4,4/23/2012,TART!
B004K2IHUO,A1P21J0DMTVGS7,Lovethemovies,0,0,5,3/18/2012,Omaha Apple Tartlets
B004K2IHUO,AL3E5V6MXO9B0,pionex1796,0,0,5,1/13/2012,Loved these Tartlets
B004K2IHUO,A2O9G2521O626G,Rachel Westendorf,0,0,5,6/22/2011,The best
B004K2IHUO,A1ZKFQLHFZAEH9,"S. J. Monson ""world citizen""",2,8,3,3/7/2009,disappointing
B001REEG6C,A30835UIR6F8KB,Adam E. Smith,2,2,5,1/18/2011,Wasting Vinegar on a Cucumber is a Shame!
B001REEG6C,A10EHUTGNC4BGP,M. Foell,1,1,5,5/31/2009,Asparagus Bliss
B001REEG6C,AY12DBB0U420B,Gary Peterson,0,0,5,9/19/2011,My Idea of a Good Diet Food.
B000J0HIT2,A1VKJN5Y1C7S5Y,"Wilhelmina Robinson ""Wilhelmina Robinson &#34...",2,2,2,8/21/2009,Low Carb Angel Food Puffs
B0037LW78C,A3VEYLW2KPZNGK,G. Simmons,3,3,5,2/16/2011,Delicious tea
B0037LW78C,A2F65U0UDY7TAW,Aldo,2,2,5,5/26/2012,My every day green tea
B0037LW78C,AWNANZ5VUO7IB,John D. Zuccarino,1,1,5,6/25/2011,the best tea ever... freah bright clean
B0037LW78C,A1Q4PJXI5HS5WT,ceecee,0,0,5,3/30/2012,Tea review
B0037LW78C,A2IX1B76ONTXEL,Cinderella,0,0,5,1/15/2012,Wonderful Tea
B0026Y3YBK,A3P60QLFDDCHOY,"Giordano ""GB""",2,2,5,5/9/2011,Great cookies
B0026Y3YBK,A38BUM0OXH38VK,singlewinder,0,0,5,9/15/2012,Best everyday cookie!
B003SE19UK,AD1WWGMEQ8FWW,Bob Rex,5,5,5,11/29/2010,So Far So Good
B003SE19UK,A2PM49X61MWZJV,DamiKris,4,4,5,12/18/2011,Best Cat Food
B003SE19UK,A3A52DETIFZNZS,Sarah Wilson,4,4,5,7/2/2011,Great food.
B003SE19UK,A3L15C30CBPZOR,Cynthia G. Pate,2,2,5,3/6/2012,Perfect Cat Food For Older Cats!
B003SE19UK,A29SUR9R8ZU54B,Alfbo,1,1,5,8/12/2011,Good for Feline UTI
B003SE19UK,A9GRWS6KP8SMA,Anne Kirkwood,1,1,5,12/17/2010,Palatable and healthy
B003SE19UK,ASOEVZ99YWPVL,PurpleGreen,0,0,5,10/1/2012,Healthy & They LOVE It!
B003SE19UK,A1QAJ948PN36II,Winter Green,0,0,5,7/11/2012,Wonderful food - perfect for allergic kitties
B003SE19UK,A1LWFJRITZLYUG,PMG1,0,0,5,4/12/2012,Holistic select cat food
B003OB0IB8,A34UG2TNXIL0Y,Austin H.,4,4,4,1/6/2012,Tastes great. Love Hot & Spicy. Bad price here.
B003OB0IB8,A3NVZTGPORNPRW,B. Pearce,4,4,5,8/28/2011,My favorite ramen
B003OB0IB8,A28D854VMOEHGX,Benny,3,3,3,2/17/2012,It burns!
B003OB0IB8,AISIYS3D2EAOX,RTyst,1,1,5,2/29/2012,Amazing to the last bite.
B003OB0IB8,A2DLRG3YX6A2ZU,luckybabe,2,3,2,12/14/2011,Not for me
B003OB0IB8,A56HS2VNURVJ0,"J. Espinoza ""jchav1980""",0,0,5,7/30/2012,Great spicy flavor
B003OB0IB8,AOTEC8KEH8JGN,Seth S Moyers,0,0,5,4/20/2012,Great value and convenient ramen
B003OB0IB8,A1D0URD0AL237J,Mother of Pearl,0,0,5,4/17/2012,great flavor
B003OB0IB8,A2BZNXMV0LC7OE,Alanna,0,0,4,4/7/2012,"Tastes great, but is cheaper locally."
B002SRYRE8,A198FU6P1BVUNZ,Sarah,0,0,5,10/9/2012,Tastes awesome & looks beautiful
B002SRYRE8,A21E0OJ4DSKXNA,Smileface,0,0,5,7/12/2012,Happy Face
B002SRYRE8,A1FJJQA34W0F4K,"Gettin Real ""gettin real""",0,0,5,2/14/2012,Simply the BEST!
B002SRYRE8,A20PK3OCKRRSA5,Mrs. J. Todd,0,0,5,3/11/2010,Excellent Product/Life Saver
B001GVISJW,ARS5Q7LR6HWPG,"N. Pine ""pcone""",0,0,4,8/28/2011,Nice snack
B001GVISJW,A2YIO225BTKVPU,"Angel_Boy ""Treat the people around you the wa...",0,0,4,4/3/2011,Good Licorice
B001GVISJW,A1ROND7G1QTOFY,Karon Dixon,0,0,5,9/30/2010,I love these!!!!!!!!
B001GVISJW,A1Z54EM24Y40LL,c2,0,0,5,3/21/2010,Great for the kids!
B001GVISJW,A281387UUS2IN5,Beantown Jim,0,1,3,4/18/2010,Bite sized
B0017I8UME,A2NH6XPAZG881D,MarkD,2,2,5,4/18/2009,Sweet with a nice kick!
B0017I8UME,AKX0RW482WAFD,Barbie,2,2,2,10/22/2008,BROKEN BOTTLE BOTTOMS!
B0017I8UME,ATBE88PKKQTRA,Matthew R Lehmkuhler,0,0,5,8/8/2012,Love the salsa!!
B0064KU9HO,AJFIH0DZYJF7T,Lisa Barton,0,0,3,10/16/2012,Ehhh...
B0037ZFEW4,ABTKZKAWOK4DC,huntersgun,3,3,5,1/10/2012,awesome cornmeal
B00374XSVY,AC567LXSKDNC1,Teeebooo,0,0,5,7/5/2012,GREAT marinade!
B00374XSVY,A2PW7DRW757OL0,Chris,0,0,5,4/22/2012,Awesome stuff
B005P0HHGK,AISCBGJRPPZ5G,"KT ""loves to read""",0,0,4,1/15/2012,tastes good
B002HQAXUW,A17ESTP5T7T1PH,Bumbeda1,1,1,1,12/27/2011,Rip off Price
B000SV90J8,A1CY94Z8YWQV12,Karas M. Stewart,1,1,5,3/1/2010,JELL-O
B000SV90J8,A3OO3TXDSIJDHY,pianolover,0,0,5,12/12/2011,Great flavor of Jell-o.
B0036VM05I,AUIVXYS8E4DEX,Dr. Christopher Lee,1,1,5,1/28/2012,Great Deal
B0036VM05I,A335SFRERY214N,"D. Melo ""Character Connoisseur""",0,0,5,10/6/2012,Great tasting sea salt WITH iodine
B000ITVLE2,A3NID9D9WMIV01,"Louie Arrighi ""Lou da Joo""",17,19,5,12/6/2009,tastes very fresh
B000ITVLE2,A395S4RA1X7BFB,Pen_Name123,3,3,5,9/13/2011,Simple but good
B000ITVLE2,ADL44P8Z4A3M5,"A. Goldsmith ""Media Hound""",2,2,5,12/5/2011,tasty!
B000ITVLE2,A1K37I9HWF3SAI,James R. Mckinney,1,1,3,10/3/2012,Not the greatest tasting..
B000ITVLE2,A6Y8N2GHDH0ZO,Matty,0,0,4,9/22/2012,Not Bad
B000ITVLE2,A5X6PJANY4XW4,"Tcat Houser ""A Customer""",0,0,5,9/20/2012,"Right size, taste"
B000ITVLE2,ARTBQH9WOZTIV,"Billy Wilson ""amzrview""",0,4,1,3/22/2010,Tasteless but low calorie
B003TQQKFQ,A2TUJ3MOKXZVYK,Amy,1,1,5,6/1/2012,This stuff is sooooo good!
B003TQQKFQ,A2QHQM3HHFUSHG,Catherine Lea,2,3,5,4/11/2012,Best Stuff Ever
B007B9J6G2,A34YK0ZTWOR858,NikkiBast,1,1,1,8/20/2012,Very Low quality
B0064KO0BU,A34D61RQILOKIJ,TampaBayGal,1,1,1,10/13/2012,Not Banana Runts
B0064KO0BU,AAV3AEI6YSYA2,sue,0,0,3,8/24/2012,Banana Heads Not Banana Runts
B0064KO0BU,A104Y49ZQ4CYJ2,"H. Adams ""hollya""",0,0,5,8/13/2012,Worked great!
B001IUKD76,A2KVCXTQVN18KI,"A. Martin ""tony_fourbu""",3,3,5,9/1/2010,Ricore forever
B001IUKD76,A2K8UBI64T0BM8,A. Carriglio,3,3,5,12/30/2009,Delicious!
B0081XN2HQ,A3HUV0ZQPXO3V7,Pink Dandy Chatter,0,0,5,8/14/2012,"Fluffy, Soft, Delicious and Sugary Sweet"
B0025VRCJY,A3PPOTV6659ATF,Jerald,5,6,4,8/3/2010,Great but not as good as it was back in the day as a teen
B0025VRCJY,A2VYRRDJN2UKWB,"Dario Quinonez ""aprilkid""",1,1,5,3/13/2011,EXCELLENT LEMON JUICE
B0025VRCJY,A2ACUGNVT36JYX,Lyannah,0,0,5,12/30/2011,Great Product
B0025VRCJY,A3F8JQ5J29GWUV,qv240,0,0,5,9/9/2011,Handy
B0025VRCJY,A3L9ZT7SRJYLVH,"JDTexan ""JDTexan""",0,2,4,1/2/2011,ReaLemon Juice from Amazon.
B005CJVVJ8,A3O8ZE8BHREE0W,Tom Falcon,8,8,4,8/26/2011,"relaxing, almost like something you smoke"
B005CJVVJ8,A3BSTFFIKK5YTW,"BOATS99 ""BOATS99""",6,6,4,1/31/2012,Never paid that much !
B005CJVVJ8,A3F44FUPG97AA9,Monie,1,1,5,6/13/2012,Marley's Mellow Mood Lite - Half Tea Half Lemonade
B005CJVVJ8,A1AL946PZ24084,Melinda K. Sanders,0,0,3,4/18/2012,Great product to help you sleep
B001KUUNP6,A262Z0S6PT9U16,Lee Thombley,3,3,5,12/19/2010,Perfect for gluten-free chocolate chip cookies
B001KUUNP6,A317BY3IPZ83MJ,"James G. Colet ""psychocarp""",3,3,5,2/25/2009,Garbonzo  Bean Flour
B001KUUNP6,A18VJ0WOQAIZYD,Ean Behr,0,0,5,5/18/2012,yum falafel
B000NY8ODS,A1IU7S4HCK1XK0,Joanna Daneman,2,2,5,4/8/2012,"Make a fresh fruit tart, light and beautiful"
B00029XIZI,A2S72TUJDQUBMH,Nadia,0,0,5,3/4/2009,Miracle
B004V6AH34,ATX44LVZL5JFV,Silvy,1,1,4,8/27/2011,not bad for instant healthy coffee
B004V6AH34,A3AFVGFX175F9N,Gift Card Recipient,0,0,3,6/25/2012,It's ok
B004V6AH34,AXAJ1GHE97YE2,"Jasmin Song ""Jasmin Song""",0,0,5,6/7/2012,I love it!
B004V6AH34,A3POAWC2JPQQQP,me,0,0,5,5/29/2012,great taste and has health benefits!
B004V6AH34,AJZ2A9UOJK0RB,LK,0,0,5,5/4/2012,Tastes Great. Arrived in 2 days!
B0028C44Z0,A19NGYCQ1NCF3W,S. Haney,2,2,5,12/14/2011,Great for after lunch
B0028C44Z0,A32DDKLY942A84,"PrinterCPE ""damnsilly1""",2,2,4,9/12/2010,"Nice little mints, but pricey."
B0028C44Z0,A3B6S35IUGOGW4,Rutt10,1,1,5,3/18/2011,Altoids mini mints tins
B0028C44Z0,AI7O5C9KBVSTF,i&#60;3pnutbutter,3,4,5,5/17/2010,Altoids Smalls-Wintergreen
B0028C44Z0,A4LL4KXLRBQHQ,stillgoinstrong,2,3,3,7/7/2010,Sugarfree...
B0028C44Z0,A3U94LRA4I8YAL,"Brenda Woodward ""love to read""",2,3,5,2/12/2010,Tasty!!
B0028C44Z0,A1WTXY4MW3YDF2,Gordon,0,0,5,8/12/2012,These mints are awesome!
B0028C44Z0,A1UF2VN3O50NGW,Lou,0,0,2,3/4/2012,Altoids Smalls
B0028C44Z0,A3VAYCK681VZZO,Optimus,0,0,5,11/8/2011,Love these! And reusable containers
B0028C44Z0,A3TIC20I6XI297,dog lover,0,0,5,11/5/2011,Altoids
B0028C44Z0,A2Q8F5N7HQXWDW,Bell Girl,0,0,4,9/25/2011,A huge hit at the office!
B0028C44Z0,A2RMYCQIST622H,Dan,1,2,5,11/28/2011,"Love 'em, they're great!"
B0028C44Z0,A27D5IRAIGLOG5,Texan Gal,1,2,5,4/19/2010,Love these!
B0028C44Z0,A5F7YR0G7H9HR,Ma J. Vargas Pe√±a,0,1,5,9/5/2011,fresh!
B0028C44Z0,A2E0MNOYZI00VW,Deborah Laux,1,3,5,8/30/2011,Wintergreen Me
B0028C44Z0,A3BJ9NS09YGQT5,"Atl Chris ""Atl Chris""",0,3,1,8/28/2011,These just don't do it for me as breath mints
B0009XLVGA,A3S84SEN2Z6DZU,"EJ ""Seayhorse""",2,2,5,3/5/2011,"better than average, more expensive than average."
B0009XLVGA,A2U3Z5S70AE80V,Margaret,2,2,5,3/7/2010,My cat loves it!
B0009XLVGA,ATHUN0PJ0MG0P,"R. Cross ""LVWolfman""",1,1,5,9/3/2011,Great For Fat Cats and Senior Citizens
B0009XLVGA,A2LWOW7SO2QPML,JHexatthewheel,0,1,2,7/13/2011,Nearly killed the cats
B0009XLVGA,A1NHQNQ3TVXTZF,"Desert Girl ""chrissylovesherhusband""",3,10,1,9/1/2008,CHANGED FORMULA MAKES CATS SICK!!!!
B002TDK0VK,A3FU8FVBZ8ZODD,D. Anthony,0,1,4,11/9/2011,Best by the case
B002TDK0VK,A24HJWXL3LHULM,scott Smith,0,1,5,11/16/2010,Looking for a different flavor?
B002TDK0VK,A3GRP8QRFGDH8T,Technically Proficient,1,4,1,1/27/2011,Price cannot be correct
B0040WAG7Q,A19SDJ2TSSL8HI,K. McGee,0,0,3,9/15/2012,More Hot/Spicy than McCormick's Brand
B001EO5ZMO,AW497M5SEXAPQ,Neal Pollack,5,5,5,2/14/2010,Ahmad Loose Imperial Blend Tea is great for the price
B001EO5ZMO,A3KQ1480MHXXCW,M'ville,3,3,5,4/28/2010,Nice tea
B001EO5ZMO,A8D27L5Q5BLRC,K. Kwan,0,0,5,10/22/2012,A fragrant tea
B001EO5ZMO,A1C5SHU81SRARN,Sophia T,0,0,5,7/15/2011,Best Ahmad Tea
B001EO5ZMO,A3JP1UJAF8YY0F,Irish Stu,0,0,5,6/14/2011,My favorite tea
B001EO5ZMO,A8XEEORIXJNZL,Joseph Emmanuel,0,1,5,3/4/2012,Best tea ever!
B001EO5ZMO,A3A4GAPXRX5SHM,markiz,1,3,2,8/22/2010,Not a real tea
B001SATU8E,A1CR1DS15Z7XO1,Tiff D,0,0,4,1/25/2010,DELICIOUS
B007JFV6RK,A2WQBT7RS1HSSU,"Wade Jackman ""wpjackman""",1,1,5,8/27/2012,Best Bloody Mary mixer
B007JFV6RK,A3LCMQ815MBJW9,Patty,1,1,5,5/28/2012,The Best
B007JFV6RK,A2UC5JUVHIF80L,Abendago,1,1,5,4/10/2012,Mcclures bloody Mary mix
B001L4ELRW,A1AK335P17JXL0,Victoria Brown,0,0,1,8/22/2012,Not Good
B003SO503C,A2ODZ3CH8PMYTL,Nanette,0,0,5,9/10/2012,Love this tea!
B003SO503C,A3OXRFCJI67IMN,Bold Consumer,0,0,5,4/8/2012,Really Nice Taste!
B003ZFXJDW,A2HL6876LDPJIM,flageolet,0,0,5,7/31/2012,just give me some watermelon and citron sea salt
B003ZFXJDW,A2KPPGFMPD20M6,Linda Albert,0,0,1,7/31/2012,Furniture Polish Taste
B003ZFXJDW,AJ94Y22SUFCGU,Gwenhwyfar,0,1,5,4/20/2011,Big tub o' salt
B001HTL6CY,A1KLA02LZXAT46,Dandelion,0,0,2,4/9/2011,"Taste is neutral, quantity is DECEITFUL!"
B000WFRMRW,A2GN6W82DZNUN8,jackman,0,0,5,7/10/2012,Eukanuba puppy small breed dog food
B000WFRMRW,A3Q7QBDSAZ670I,B. Barnett,0,0,4,3/9/2012,High Quality... But it gave my dog wicked gas..
B001EO5ZME,AF72GTWZGAC61,Pinkhat,0,0,5,2/28/2012,Great tasting green tea and such a great deal.
B0093NIWVO,A1JT114SOITFFO,Dan & Eileen,0,0,5,10/20/2012,OMG best chocolate jelly belly
B001EO5ZMY,AF72GTWZGAC61,Pinkhat,3,3,5,3/3/2012,Excellent loose tea.
B001EO5ZMY,AOSK1PLKNT64,Mrclouky,1,1,5,12/14/2011,Good anytime hot tea
B001EO5ZMY,A1DAHZRJTX5X1Z,Erfan,1,1,5,4/14/2011,My everyday cup of Tea
B001EO5ZMY,A7WE8ZWEJG34E,Kapitoshka,2,3,4,4/29/2010,This is what you get in the store
B001EO5ZMY,A1W4LZ4VZDF29Y,"Guy S. Painter ""gspainter""",0,0,4,5/29/2010,Ahmad Tea
B001EO5ZMY,A3E81HFGNME65J,suave,1,9,2,6/20/2009,Disappointed
B007TFONH0,AMRNVZKWF6519,confettissimo,1,1,5,6/1/2012,Wonderful!
B007TFONH0,A10IFYN5U6X20R,onemagoo,0,0,5,10/14/2012,Best way to buy kcups
B007TFONH0,A3ICO2ROSXHIPM,tightwad,0,0,5,6/27/2012,delicious
B000GGKQSO,A1OE23J37ZPDXE,Donald Edward Liberman,0,0,5,4/11/2010,keeps you out of the dentest chair
B007J32WX4,A3957BBBNL1TLJ,Susan Hannon,2,2,5,4/14/2012,Super!  SuperFoods are Super easy!
B0017129DC,A2EPNS38TTLZYN,tedebear,0,0,3,8/7/2011,Pok Chops
B0002567IW,A1SSKFPX72MSMR,"Janna M. Sicard ""missjanna""",0,0,1,8/10/2012,Sad outcome
B0048IC328,ATY9Z65HYE0W6,mrsmaverick,0,0,4,9/6/2012,Best Energy Shot For Me
B0048IC328,A1W867A8DSHFHC,no name,1,3,1,6/16/2012,Don't Waste Your Money
B0048IC328,A375ZA7IJH2ZGQ,Jihan S.,3,7,2,10/5/2011,"If you can't handle caffeine, this is not for you."
B0025WIAN0,A2WT4IIHNFJGYT,Diana KD,0,0,5,9/11/2012,"Yum, Yummy, Yummier"
B00821UN4M,A332AAPB4P75L4,Heather Crimson,2,2,1,9/20/2012,Reeks like chemicals
B00821UN4M,A3MQSTAAJSUGF9,mommy11,1,1,2,8/17/2012,Disappointed!
B00473RWXY,AE508CW7ON3EP,armommi,0,0,5,9/24/2012,Great for Gluten-free lifestyle!!
B002MV23XM,A2M6O8YORUA8PW,Shirley Sacks,1,1,5,5/15/2012,my dog loves these
B002MV23XM,AQ7QJ1GWE2BSR,"Alydar ""alydar""",1,1,5,2/25/2011,YUMMY
B000LKZK7C,A3AER90E4ZWVN6,Al Abubakr Douglas,2,2,5,12/4/2007,sugar in the raw
B000LKZK7C,A25YQEBU2FAD3M,Scott Dixon,4,5,3,1/17/2011,Manufacturing Problems Diminish Product
B000LKZK7C,A1T14KXM4GH14A,Karen Keauhou Chun,6,8,5,6/16/2012,Good product but terrible agricultural practices
B000LKZK7C,A1H9VU1FACOXLN,LK,1,1,5,12/1/2008,Sugar in the raw
B000LKZK7C,AWJ1Z81HHB0MY,Zots,1,1,5,8/2/2008,Sugar in the raw
B000LKZK7C,A2NP8RNW9T5BQF,A. Brazhnykova,0,0,1,8/3/2012,Lie!!!!
B000LKZK7C,A2JRK3K99168A1,djn,0,0,4,5/4/2012,It's sugar..
B000LKZK7C,A1L4RDILGM7D9E,Paula,0,0,4,8/10/2011,Excellent but not perfect
B000LKZK7C,A2VUB6YYTF234O,Anel Lopez,0,0,4,4/14/2011,Good product
B000LKZK7C,A21BLUM0I2Y3MW,Chipper,0,0,5,2/16/2011,You'll never use white sugar again.
B000LKZK7C,A1VKNACW03M5H7,Patilo,0,0,3,2/6/2011,Thanks for the review Scott
B000LKZK7C,A2582KMXLK2P06,B. E Jackson,0,0,5,2/4/2011,great
B000LKZK7C,A34HSMRAQY5XKX,"Nori Silverrage ""Nori""",0,0,5,9/29/2010,Awesome Sugar!
B000LKZK7C,AUUWUS51SMMT4,R. Symansky,0,0,4,12/15/2009,Great product - weak packaging
B000LKZK7C,A1YZV2UY0QDZTX,"Loves to Cook ""Loves""",1,2,5,9/24/2009,Excellent!
B001D07IPG,A3QN14A5DGUA0U,J. Kraayenbrink,0,0,5,7/31/2012,Excellent for G/F
B001D07IPG,ABHXONN9HSUZI,AmandaEve011,0,0,5,9/7/2011,Amazing!
B001D07IPG,A3OM7Q1IVAGLUW,Pertigal,0,0,5,6/2/2010,Very tasty chips!
B001D07IPG,A3BUE5AHX4M0FS,"P. Clermont ""learning God's word""",0,0,5,4/27/2010,YUMMY
B001D07IPG,AQX8FF2YCO3J7,"Little D, Nigel, and Oliver's mom",0,0,5,7/14/2009,Excellent Taste
B001D07IPG,A27UE9HJRZ22YI,"Louie's Mom ""Compulsive Reader""",0,1,1,8/4/2010,Over priced chips and lack rice taste
B000H13270,A3MBRJ5X24GXM9,sadhaka,3,4,5,9/7/2010,Rotel saves me on a daily basis
B000H13270,A3J6I70Z9Q0HRX,Lindey H. Magee,1,3,5,12/26/2009,"it's fabulous, but *not* from amazon!"
B000H13270,A1YLOZQKBX3J1S,"R. Lee Dailey ""Lee_Dailey""",1,4,3,9/12/2008,too expensive
B000H13270,AVQIRN6E7J7UA,imdebra,0,4,3,7/31/2010,Not mild enough for me lol
B001UJEN6C,A1XM65S80UQ2MD,Joseph Kagan,13,13,5,6/11/2010,Great Natural Energy
B001UJEN6C,AFUMZHRZJG0H0,Wonder Woman 89,6,6,5,7/27/2010,I like this stuff
B001UJEN6C,AIW47KAXVTR0X,"C. Williams ""will5927""",7,8,5,3/9/2010,Great Energy
B001UJEN6C,A1R2P21ZYNJCFJ,"Mare Laden ""Mare""",6,7,3,11/20/2009,Not sure
B001UJEN6C,A37AO20OXS51QA,"Roderic Rinehart ""Roderic""",3,3,5,7/22/2011,"The best energy shot out there, smooth and organic!"
B001UJEN6C,A3R6W1FEYDNT8V,R. Lewis,3,3,5,3/2/2011,"Fantastic, natural energy"
B001UJEN6C,A2VBZOK3SVSDWA,Jennifer Gray,3,3,5,1/12/2011,Way better than Guayaki!
B001UJEN6C,AREOHWLWVX0A8,John Erikson,5,6,3,12/5/2009,Doesn't taste that good but provides you the energy
B001UJEN6C,ADWJAJZTHNYN6,D. J. Lawhead,2,2,5,12/1/2011,Rocket in a Bottle
B001UJEN6C,A3UD9G34YLWVXE,Thezwomann,2,2,4,11/26/2011,This stuff works!!!
B001UJEN6C,A2Y4IWY1ZXLXH8,mase310,1,1,5,4/23/2012,Favorite energy shot and all natural too!
B001UJEN6C,AHAX3RWULQD6T,Kevin D. Schoeninger,1,1,5,4/19/2012,natural energy boost
B001UJEN6C,A2LFHPZFG1OHBZ,Joanna Capello-Paul,2,3,5,11/5/2011,Best energy shot I have ever tasted!
B001UJEN6C,A297HRGWRID7I6,Mariza R Barnes,0,0,5,9/11/2012,The Best
B001UJEN6C,AMYAHFQZI19LS,longlivedave,0,0,5,8/23/2012,Tested by a trucker
B001UJEN6C,A28VTF9FQ42SBV,jeremygiesel,0,0,5,8/12/2012,Good Stuff
B001UJEN6C,A2H03V8PAZDU9J,LMPGAP,0,0,5,6/9/2012,Great energy drink without artificial ingredients
B001UJEN6C,AUXHG88OYWCGM,Nicholas Wagner,0,0,5,4/3/2012,"Flavor getting better, energy is great"
B001UJEN6C,ATN552TF5V40Z,Lh,1,5,1,1/17/2012,So awful I can barely describe
B003EMU7EU,A3DSWITPB6NBT5,benvenutofam,0,0,4,10/21/2010,could use only once
B0064KOUNI,A215QEI3FPLVXU,"Carol L. Chmiel ""Carol Chmiel""",0,0,5,10/2/2012,VANILLA TOOTSIE ROLLS
B003YDP5PA,AAZ084UMH8VZ2,"D. L. Brown ""A Knower Of Good Things""",3,3,5,3/4/2011,One of my Favoritte foods
B003YDP5PA,AFLLCB3F28N6A,FL-Gal,2,2,5,11/5/2011,Fantastic!
B003YDP5PA,A3T8PIRVS2LX4P,MLadyJ,1,1,5,5/11/2011,WOW
B003YDP5PA,A18RVAXFLALN6E,"DF ""Dinky""",0,0,1,7/29/2012,Very Dissapointed
B002X9JNYU,AVPSSODZIDABZ,HELfromBL,1,3,1,12/9/2011,what quantity is it!
B001EPQ0J0,A2RXRKRI8YSQWQ,Susan Toy,0,0,5,6/30/2012,Very Good Coffee
B001EPQ0J0,A2KADAQBR8NG80,"Maggi ""Mags""",0,0,5,11/22/2010,Very Tasty
B001EPQ0J0,A2L3IECPFB956F,D. Alger,0,0,5,3/11/2010,Excellent coffee
B000O9Y62A,A137DV4YVGWDCR,M. AIMINO,0,0,5,3/23/2012,Hot!
B000O9Y62A,A89KN0ADLUNPW,Scott E. Packard,0,0,5,8/14/2009,Hot and delicious
B00283TPYE,A1SH7OWQ98P6FI,Colleen Clark,0,0,5,10/20/2012,Swiss Chalet
B001FB69YY,AJM8UGFV16NS8,dewalt66,0,0,5,9/23/2011,Oyster Sauce
B004OYBN7C,AVD1K8KU6Z86U,Jeffrey M. Moisan,1,1,5,5/15/2011,ABSOLUTELY DELICIOUS!
B000JEHAHS,AJ7Q49CTJ1BOC,24fan,4,4,5,1/11/2007,Great gag gift
B000JEHAHS,A2MMFEZ728S1MA,Deborah A. Young,0,1,3,1/20/2009,arrived FAST
B000JEHAHS,A1GUR2DMGWUIGL,"Annie ""Annie""",1,4,3,1/13/2008,Penguin Pooper
B000JEHAHS,A2CU16YU1KEOUY,"Hurricane Ridge ""Chris""",5,19,1,1/9/2007,Never Arrived
B003VTN95K,A6Y49ZNS6NPN0,Ute H. Bischoff,0,0,5,8/19/2012,coffee-mate coffee creamer hazelnut
B003VTN95K,A3G467T8H2U4F1,Breanna,0,0,5,7/13/2012,No broken creamers!
B003VTN95K,AKG4UJNVSHHAD,flowergirl,0,0,4,6/25/2012,Shipped great
B003VTN95K,A1J7ZSFU0SO3D4,ck,0,0,5,5/3/2012,Better Packaging
B003VTN95K,A3GLQSR6MTHXGL,Donna Kelly,0,0,5,2/26/2012,coffee-mate creamer
B003VTN95K,A3KVJ2DVCLO0HB,Gadget girl,0,0,5,1/17/2012,Perfect for work
B007DJ0O9I,A24GM452AKJTT9,AMAZONGURL,0,0,1,10/10/2012,AWFUL
B007DJ0O9I,A328TUPI6HYZSF,Maplerise Mom,0,1,5,5/9/2012,Pop-Tarts Work of Art
B00469VSJI,A28D8FT2NNCS2Z,calledoutwithwords,1,1,5,11/8/2011,"Yes, this is real excellent coffee!!!"
B00469VSJI,A2EVOV2OZBQU53,Explorer777,0,0,1,5/11/2012,Does not taste very good
B00469VSJI,A1447CDAPZGLYV,SANA AWAR,0,0,1,1/14/2012,No no
B002SRAU80,A156LLD3VZJGC2,D. W. Knowlington,0,0,5,10/19/2012,The king of all seasoning salts.
B0067LDV66,A1KZ67VEU7CJQ3,Bprice,1,1,5,8/19/2012,Toasted Sesame oil
B0067LDV66,A26EQ8U96JA92T,Jody,0,0,5,9/8/2012,"Tasty, tasty tasty!"
B000HKYP9A,A2CHZ5Q2EF3IR3,Mommy with an Opinion,2,2,5,1/16/2007,"Love, Love, Love These!"
B000HKYP9A,AD5WAUA14YD6N,M. Knapp,0,0,4,8/13/2010,"great for eating whole foods, clean with veggie brush"
B000HKYP9A,AHMKE1AJEHHS3,"J. Ponce ""MPonce""",0,0,5,9/25/2007,Absolutely LOVE IT!!
B000HKYP9A,A6VEEE9HOL004,"Jaime M ""Luc's Mom""",0,0,3,5/27/2007,Only good for ice
B000HKYP9A,A3JBI5QDS32UEM,J. Foreman,0,0,5,3/10/2007,Great for teething
B000HKYP9A,AMNCDXFZKL6MZ,C. Lamberts,0,0,3,3/10/2007,Wonderful idea-difficult to clean.
B000HKYP9A,A2B7A8FJBT0HDX,"S. Nayeem ""Hanaa's mommy""",0,0,3,2/16/2007,I wasn't that impressed
B000HKYP9A,AEIAXBIMAO9T0,"Heidi ""Hydez54""",0,0,4,1/11/2007,Love the Fresh Food Feeder!!
B00067AD4U,A2OB1BFAEPAYBM,R. C. Wilkins,1,1,5,4/6/2008,Great Beans!!!
B00067AD4U,A3GT3KCGY9EYF4,Siri J,1,1,5,12/21/2007,Good stuff!
B00067AD4U,A2LYOWC3FC73XK,"Michael Ekstrum ""expresso bean fan""",1,1,5,5/12/2007,excellent - exactly what I expected
B00067AD4U,A7DSY3M6P6RG3,taza052007,0,0,5,6/13/2007,These are the Best!
B0029OWDAU,A1DTDSL1J6C05F,"Heartsinohio ""Heartsinohio""",0,0,5,9/15/2012,Love Love Love
B000SEJ84M,A19Y7MSOR2J7XP,G. Macleod,0,0,5,11/19/2009,The product is great but the price is out of line
B001LMNXFA,ATBV3QRAVD2PJ,"Michelle L. West ""Paisleymll""",3,3,5,7/29/2010,Swedish Pearl is not the same as  Belgian Pearl
B001LMNXFA,A226DRVTNFWM28,"Proud Mom of Two ""Bigounets""",2,2,5,12/7/2010,Perfect!
B002J2DO8W,ASIAOU4JW8LUG,K. Gohokar,0,0,5,3/13/2012,great taste
B000U9V5AU,A2VOVLKP603R1T,D. J. Brown,7,7,5,2/12/2011,Taste-tested by a wine maker
B001SB099M,A2XADCFYDXH7IV,Thomas A. Johnson,1,1,4,11/11/2011,Excellent Everyday Olive Oil
B0041QJSJS,A1KZUXE70GYNGO,talonmedic,0,0,4,9/18/2012,"Love Weavers, I am a fan."
B0041QJSJS,A221AFCU6AE0QO,Sarah Bowman,3,5,5,10/10/2011,Make My Day
B0041QJSJS,A2BAVWMHL130WY,Bruce L. Ishimatsu,2,4,5,10/16/2011,Treat yourself to the best coffee!
B0041QJSJS,A20B2BU1ZPY9AW,Mr Coffee,0,1,1,8/21/2012,Bitter
B0041QJSJS,A2T68P9I05KBFT,Rusy,0,1,5,2/1/2012,"Drinking it now, love the latin america ""aroma"""
B00437JI8Q,A2SLZMD0UYRT5X,cat's food,1,1,5,12/16/2011,GREAT SNACK
B00437JI8Q,A3UM3M6WSUN5BR,S. Smith,1,1,5,9/17/2011,Best Bar
B00437JI8Q,A4TLHOUT1PHTL,Alison,0,0,5,8/29/2012,Can't find anywhere else!
B00437JI8Q,A3DKCBKDEO2GS3,Moviegeek,0,0,5,6/4/2012,My New Granola Bar
B00437JI8Q,A1J87LOAYSMHO9,"P. Parchman ""Savvy Shopper""",0,0,5,5/26/2011,Another Husband Favorite
B002O3VHXU,A1OIMIM4FHT4IG,"Jerry Perkins ""Nevada Perky""",2,2,4,9/7/2010,Price surprise
B002O3VHXU,A3OXHLG6DIBRW8,"C. F. Hill ""CFH""",1,1,5,8/19/2010,Very Smooth Coffee - Highly Recommended
B002O3VHXU,A2TJG4N8LNJW23,Blythe Dresser,0,0,4,1/21/2012,A saving grace for Green Mountain Coffee...
B002O3VHXU,A2129VQGGHR150,Carol C.,0,0,5,8/15/2011,My favorite
B002O3VHXU,A1HQV09XG1Z0YW,Joy2talk2U,0,0,4,5/18/2011,Good Coffee
B002O3VHXU,A2ZNLPYMZOXLGX,"Michael Kelly ""kelly""",0,0,5,3/2/2011,Nantucket blend k-cups
B0057FTBYO,A5IWYNX8RHRKL,"J. D. Laughead ""jdlaughead""",0,0,5,9/17/2012,Fantastic Chicken Noodle soup
B0087HW5E2,A139RTDNMU3WY5,blanket lady,2,2,5,6/18/2012,Greatest Oil since slice bread !!!!!!!
B003YXWAF8,A212PEJ8E3TS3V,MsMargo,5,7,5,8/6/2011,Best Ever!
B003YXWAF8,AS89BWXQRDAMV,crpar,2,3,5,4/23/2012,Deliciously scrumptious
B003YXWAF8,A3OOAICYUJT8EL,Corvette &#34;Terry&#34;,0,0,5,10/14/2012,Heinz no more!
B003YXWAF8,AMN6JEQ31G052,Brandonius,0,1,5,5/9/2012,This is really good stuff
B003YXWAF8,A35G909LKGM6R1,Jeanjae,1,3,3,5/5/2012,Disappointing
B003YXWAF8,A1KQXO716WOOD6,Allison Beegle,7,13,1,6/29/2011,Waste of money
B000UXA3L8,A3AEEQSKFVN9NB,waydeps,2,2,5,8/11/2011,Porcini Mushrooms an excellent product
B000UXA3L8,A25C2M3QF9G7OQ,Comdet,0,0,5,4/23/2012,"Excellent flavor, mostly large pieces"
B004AVYUOW,A1ZZMVHSLQSE7R,Murdy,1,1,5,1/1/2012,The Best
B001ESOQAM,A37RRNHOYQ7JPH,Judy,0,0,5,12/16/2011,Good for the money
B001ESOQAM,AQDT2YOPW35IU,Ammers,0,0,4,10/20/2011,"not the highest quality, but good for the price."
B001ESOQAM,A2JH47KQUPWVRO,Cashew nutter,0,0,5,8/2/2011,Fresh - Whole.. perfect
B001ESOQAM,A2609IIYREBZRT,Duchess in Denim,0,0,5,1/20/2011,Fresh and Tasty
B001ESOQA2,AC8PTTE9SEU9E,T,0,0,4,2/17/2009,Valentine gift winner
B003XT4AV0,A2FZRO46DF0UHN,"D. Mertins ""AUDIOGURU""",1,1,2,12/18/2010,Cat won't go near it!
B003XT4AV0,A1FERORG6RB1ZP,Darcy,1,1,5,12/18/2010,Simply WIld Chick & Brown RIce for Cats
B001FA1MCO,A1H2R3U6I562W,Charles W Brown,2,2,5,5/22/2011,Ham Base
B001FA1MCO,A30WKTJDBRD5UA,Peg,0,0,1,9/9/2012,MSG Ham Base
B001ELL6O8,A13T2G4T8LR8XA,First Time Mom,2,2,5,9/9/2007,Delisious Pancakes
B001ELL6O8,A72H1W5S6UFMY,"King of Breakfasts ""King""",1,1,5,7/7/2010,A Great All Around Mix
B001ELL6O8,A1PTPN5SY7C7SW,Leonard Kocurek,1,1,5,7/10/2008,Great mix
B001ELL6O8,AZ7289G0ILRFF,Stephanie Reid-Simons,1,1,5,4/29/2008,Perfect mix for egg-allergic!
B001ELL6O8,ALSAOZ1V546VT,"A Research It Maven ""Just the facts please""",1,1,5,1/13/2008,Arrowhead Mills whole grain buttermilk Pancakes are easy!
B001ELL6O8,A1ORGHJ9LSZB03,"A. Lehmann ""sweetnotes""",0,0,4,11/27/2009,Good for Egg Allergy
B001ELL6O8,A1JM25M2PSVPXE,G. Erikson,1,4,3,8/11/2007,Love the product disappointed in the shipping.
B001ELL6O8,A12T0F58OKHCIW,"fishaholic ""hearyeethis""",1,4,1,7/10/2007,poor item packaging
B001ELL6O8,A2APBHKZCMD6DO,X,0,6,1,4/5/2008,Awful
B006CGURWM,A3F5EUYWKVWPJ6,southernboy,0,0,1,7/22/2012,disappointing
B00250I0EG,A2VJBGSGUC78FB,"Joy L. Breegle ""Joy B.""",1,1,5,11/14/2009,Great Healthy Snack
B000C21OOM,A1T61QP7QHYBRQ,an honest reviewer,6,7,5,12/31/2007,Sweet and Soothing
B003D4O92K,A2KTYAKU1PEVCI,D. E. Leslie,3,3,5,10/30/2010,minty flavor
B003D4O92K,A3K24YL6ORL11F,Calizian,0,0,5,6/13/2012,Ingredients take about 2 seconds to read
B001IZM8A6,AVI998S4IX2Y1,"Melissa N. Connor ""rare maven""",1,1,5,11/11/2009,A Fantastic & Healthy Product
B001IZM8A6,A2ANZVA56T7RAG,Patricia,0,0,5,7/26/2012,Great product
B0089PI9OC,ARYNM1E978YX8,Bill,0,0,5,7/4/2012,Excellent tea!
B00061KYVI,A28RMYGO9RGA0K,marilyn,0,0,5,2/2/2012,french's roast'n bags
B00061KYVI,A3JE18D4XD2PYF,pattymelt,0,0,5,8/23/2010,best roast ever
B00061KYVI,A29ZSRDOYVO735,"Robert Ames ""Spenser_man""",0,0,5,1/30/2010,Franch's is the best
B003XV5LHK,A197O1VYM9B8A3,LDA,0,0,5,4/9/2011,Double the pleasure!
B005WU7V00,A3UV9TOZW3XXPV,tacoland,1,1,5,5/9/2012,VERY GOOD! Great taste and easy for a single guy!
B005CFC9XY,A250IZTJ5UN2EI,Ian Harmer,0,0,5,8/13/2012,An acquired taste!
B000SEJ842,A2IJOBHJXEZSS2,mosslake,0,0,1,8/10/2011,Look elsewhere for your whole grains
B004X8TK8I,A3U2QAY7SVE9AI,W. Smith,0,0,5,8/15/2012,Hey!
B004X8TK8I,A3GIMXLOEPFJBV,Samuel Spade,0,0,4,7/16/2012,These are Famous for a reason.
B004X8TK8I,AMRMK86X3PKXD,R. Thomasson,0,0,5,5/22/2012,Wow
B004X8TK8I,A1TYA1IYI3LGUC,John Snell,0,0,5,4/26/2012,"God, I love these cookies!!!"
B000G6RYNE,A2NO1TXXS9T0EE,BruteNStones,0,0,4,4/26/2012,Hard
B000G6RYNE,A1IRN1M05TPOVT,"Sharon M. Helfand ""Scrapper""",0,0,5,4/17/2012,Kettle potato chips:  Fully loaded baked potato
B000G6RYNE,ARONI7W0W677H,Peter N,0,0,5,4/13/2012,"Fresh, Lightly-Spiced, Crunchy Kettle Chips. Good Value, Good Product."
B000G6RYNE,A1Y3XPZK9ZADFW,albinocrow,0,0,4,4/10/2012,glad to find them in 1 oz size
B000G6RYNE,A1Y3XPZK9ZADFW,albinocrow,0,0,4,4/10/2012,"pretty good, could be better"
B000G6RYNE,A1ELZC3WXWILX2,B. Carter,0,0,5,4/6/2012,a slight taste of jalapeno
B000G6RYNE,A1X5RAIMX4ZSLJ,BadPotato,0,0,5,3/16/2012,Best chips ever
B000G6RYNE,A1IRN1M05TPOVT,"Sharon M. Helfand ""Scrapper""",0,0,5,3/7/2012,Kettle potato chips:  Sweet onion
B000G6RYNE,A1S8ELUE383P8E,"John F. Peters ""John Peters""",0,0,5,3/5/2012,Ridiculously Good
B000G6RYNE,A2OEUROGZDTXUJ,J. Graves,0,0,5,1/30/2012,Delicious!
B000G6RYNE,A17V3UVYMI69TE,Patrick Tran,0,0,4,1/24/2012,PUCKER UP
B000G6RYNE,A22PUBSSNP54L,"G. Little ""value seeker""",0,0,5,1/16/2012,I love these chips.  They are thick and crunchy!
B000G6RYNE,A15USNEAJUXOSH,L. Schrank,0,0,4,1/9/2012,Quite good
B000G6RYNE,A15USNEAJUXOSH,L. Schrank,0,0,5,1/9/2012,Delicious
B000G6RYNE,A2BLJGGWN8GTXQ,Sean,0,0,5,1/5/2012,Salty and vinegary!!!
B000G6RYNE,A1FXCNUVQ6FOMC,suzieg2,0,0,5,12/2/2011,WOW!!!!
B000G6RYNE,A926YP1BSD72Y,Shopper11,0,0,5,11/20/2011,Best gluten-free dairy-free chips
B000G6RYNE,A33PLZ7SD5MCG0,Patty Kaye,0,0,4,9/11/2011,A unique flavor for fans of Thai food
B000G6RYNE,A3EEBE82C3HYRD,David,0,0,3,5/7/2011,"Honey Dijon leaves bad aftertaste, NY Cheddar are pretty good"
B000G6RYNE,A35JPD8Q492FJC,Firefly,0,0,5,5/6/2011,Yowzah!!
B000G6RYNE,A391CLP4UMXJQG,Dane King,0,0,4,3/24/2011,Very good.
B000G6RYNE,AYB4ELCS5AM8P,"John B. Goode ""JBG""",0,0,5,3/20/2011,Excellent!
B000G6RYNE,A2GOE7ITDGYVE,Lee Brownell,0,0,5,2/17/2011,Tangy goodness.
B000G6RYNE,A19G8B2QYETD7W,NyahNyah,0,0,3,2/13/2011,Heavy on the Vinegar
B000G6RYNE,A3PZ4AXTY9J1DZ,Jason Ralsky,0,0,4,1/25/2011,"A delicious, crisp chip with good flavor"
B000G6RYNE,ACFPHOYVB71V4,karob,0,0,5,12/18/2010,BEST BUY in BBQ Chips
B000G6RYNE,A1H80WDFOR94Q5,Injured Panda,0,0,5,11/24/2010,Love Them!
B000G6RYNE,A3Q5YZNYGGUP8W,cppme,0,0,5,11/21/2010,Crunchy and Tasty
B000G6RYNE,AKRLMISQPL8QW,B. Sanders,0,0,5,11/8/2010,Convenience at low cost
B000G6RYNE,A2MUGFV2TDQ47K,"Lynrie ""Oh HELL no""",0,0,3,11/5/2010,An Acquired Taste
B000G6RYNE,A1465JH39KR5O5,persia,0,0,5,10/18/2010,Best deal ever!
B000G6RYNE,A1L17QW3R7A519,The Boom,0,0,5,8/12/2010,Yum!
B000G6RYNE,AOSFLVLMAG0N5,"Gloria E. Clements ""thistle809""",0,0,5,2/21/2010,Barbeque perfection
B000G6RYNE,A2H2Q5RW1K56AI,a Thai living in MN,0,0,5,1/20/2010,Excellent Thai-flavored chip
B000G6RYNE,A13VD7TJDWVOEC,Deborah E. Bumpus,0,0,5,11/16/2009,Best Kettle Chips!
B000G6RYNE,AKKQKYX8ODUAF,"Jordan B. Sanders ""Vortigern Trygil""",0,0,5,11/13/2009,The Supreme Salt & Vinegar
B000G6RYNE,A3RB0YBBYGXBYE,"Matt C. ""Mattman""",0,0,5,10/21/2009,Delicious as always!
B000G6RYNE,A3492ZW10B65ON,"P. Young ""Sugahplumm""",0,0,5,8/19/2009,OooH Yummy!
B000G6RYNE,A2ZEFDVX4X5TPX,"Thomas A. Roberts ""tomrgalvtx""",0,0,4,8/5/2009,Not quite the best...
B000G6RYNE,A2MMTWKCJET6S,T. judy,0,0,4,6/16/2009,want to gaain twenty pounds with no control whatsoever? Buy this!
B000G6RYNE,A3RMGIKUWGPZOK,Jean Visnefski,0,0,5,6/15/2009,One of Their Best Flavors
B000G6RYNE,A1E2Y40TTPL8YK,EJH,0,0,5,6/11/2009,Love these chips!
B000G6RYNE,A56JFSLUCHI4J,"Chi ""Who loves to find bargains and lives a g...",0,0,5,3/18/2009,Highly addicitive chips
B000G6RYNE,A1DW1FK1H3F2TM,EuReka,0,0,5,1/15/2009,These are AWESOME!
B000G6RYNE,A3PJZ8TU8FDQ1K,Jared Castle,0,0,5,1/12/2009,"One bite and you'll become a ""chippoisseur"""
B000G6RYNE,A3PJZ8TU8FDQ1K,Jared Castle,0,0,5,1/12/2009,"Crunchy, salty, sweet...finally, a Superbowl snack that scooores!"
B000G6RYNE,AU3VZDTQH0J4M,C. Charles,0,0,5,1/10/2009,These chips make me weak at the knees
B000G6RYNE,A3B0HXAUWCLSZO,MisterStorm,0,0,5,9/15/2008,By far my favorite chips
B000G6RYNE,A17UR3NRLARXCH,"W. Muckelroy ""Chawk68""",0,0,4,9/11/2008,"Good chips, more cheese"
B000G6RYNE,A31N6KB160O508,Fran W.,0,0,4,8/27/2008,Pretty good tasting chip
B000G6RYNE,A339FKUBFG0VLX,the Poodle,0,0,4,7/30/2008,Yummy chips
B000G6RYNE,A3MLESXA2VGWJC,CV,0,0,4,7/30/2008,Best sour cream & onion chip I've had
B000G6RYNE,A3UCO7B9HP42BG,Denise Graner,0,0,5,7/28/2008,Great chips
B000G6RYNE,A1DOBB5XZ1KMZ5,"A. M. L. Hentz ""AnneMarie""",0,0,5,7/26/2008,Fabulous!
B000G6RYNE,A3I96LKK3S15D0,"R. Wheeler ""Pryd""",0,0,5,7/14/2008,Box-o-Chips
B000G6RYNE,A2LS9RBSI8SDZF,Ashish Shah,0,0,5,7/8/2008,fantastic!you can not beat this taste and you can not resist to it only one if you are spice lover
B000G6RYNE,A324FVIOYCWNSB,"Eric BVD ""Eric""",0,0,4,7/6/2008,An addictive potato chip
B000G6RYNE,A1RRHET1QIP1YK,Daniel Hill,0,0,5,7/6/2008,Great Chip!
B000G6RYNE,A12OF4IM7A8YS,"Norman Tang ""Amazon Norman""",0,0,5,7/5/2008,"Excellent balance of taste, crunchiness, and moisture"
B000G6RYNE,AUHS7PQNAHNDI,"C. Graube ""pup friend""",0,0,5,7/5/2008,Yum
B000G6RYNE,A26ONAQEIUEMV4,"Dolores Swan ""Swannie""",0,0,5,7/4/2008,Very good chips at a great price.
B000G6RYNE,AOHRHPJP38LLT,"S. Samoranos ""Inspired cook""",0,0,2,6/30/2008,70% of the chips in the bag are over cooked
B000G6RYNE,A1AXXMJQ3NDIFK,Barbara A. Puckett,0,0,5,6/29/2008,Great chips!
B000G6RYNE,A31N6KB160O508,Fran W.,0,0,4,6/21/2008,Not bad but a little hard to get used to
B000G6RYNE,A31N6KB160O508,Fran W.,0,0,4,6/21/2008,Firm quality chip
B000G6RYNE,A1WQ3UGXPT15VI,"JavaJewel ""It's all  water under the bridge...""",0,0,2,6/20/2008,Not  Very Creamy or Chivey...
B000G6RYNE,A1B05INWIDZ74O,M. A. Ramos,0,0,3,6/11/2008,Prefer other flavors
B000G6RYNE,A1B05INWIDZ74O,M. A. Ramos,0,0,5,6/3/2008,These will be habit forming!
B000G6RYNE,A3TEMXOLE1APPZ,"A. Nichols ""upteeajn2""",0,0,2,5/15/2008,Good and tangy
B000G6RYNE,A2OAYIM13WIXCH,"Mary D. Haper ""Gramma to 3 boys""",0,0,5,3/28/2008,the best chips ever
B000G6RYNE,A2BFFXK7TEINBE,Paul D. Ossman,0,0,5,2/22/2008,I do not even like kettle chips and I love these
B000G6RYNE,A3N9DN0V2YXAXA,musicalcharge,0,0,5,2/22/2008,You have to love sea salt and vinegar already
B000G6RYNE,A2C5BWOM7329UD,Jason T. Stevens,0,0,5,2/20/2008,Addictive
B000G6RYNE,APGAA43E3WPN7,Darren,0,0,5,1/27/2008,amazing chips
B000G6RYNE,ABR7HU5H1KNE,Keith,0,0,5,12/4/2007,Best Chip Ever
B000G6RYNE,AJQD2WWJYOYFQ,bubbles,0,0,4,8/9/2007,"Tangy, spicy, and sweet- oh my!"
B000G6RYNE,A16YH487W9ZYO0,Bruce G. Lindsay,0,0,4,7/12/2007,An indulgence with a bite
B000G6RYNE,A83YQC1XOU4CS,J. Baker,0,0,5,7/3/2007,The best I've had
B000G6RYNE,A2LGWBIT9WCTVA,D. Gesswein,0,0,5,3/8/2007,Excellent chip!
B000G6RYNE,A3TX8RH943OLBM,annie,3,5,2,6/21/2008,salt and vinegar chips
B000G6RYNE,A3L4OZ0U0A5UDH,Linda Mullings,1,2,5,10/2/2012,Delicious!!
B000G6RYNE,A2OEUROGZDTXUJ,J. Graves,1,2,4,1/31/2012,I like them.
B000G6RYNE,A30H2335OM7RD6,"apoem ""apoem""",1,2,5,9/22/2011,Love Kettle Chips
B000G6RYNE,A2SYKMR242D0X6,Summer,1,2,5,12/17/2010,Best unsalted chips
B000G6RYNE,A27YPCR3ZXWVFE,Tiny Tim,1,2,5,10/23/2010,So Delicious...Yet my companions wont touch them.
B000G6RYNE,A39Y59C6FTC0GL,Christine,1,2,2,7/17/2009,"Love Kettle Chips, but not this flavor!"
B000G6RYNE,A3I5AT1101AS3A,Nikolette Tripp,1,2,1,1/31/2009,Maybe the worst chips ever.
B000G6RYNE,A22LENLDTGQIU7,R. Yamaoka,4,7,1,9/12/2009,Surprise 1  It's different...
B000G6RYNE,A2ZCD6KO2YY9IZ,A. Crawford,2,4,5,1/19/2008,Tasty
B000G6RYNE,A2C18CH1YC6BYT,Sophie,0,1,4,8/27/2011,Crisp
B000G6RYNE,A2M8JQ3AME7878,"Tom Z. ""tzphotos.com""",0,1,3,2/7/2011,Vinegar... Not my taste!
B000G6RYNE,A3B6TOEXSQVO24,"S. brown ""shiney lady""",0,1,5,12/16/2010,spicy thai chips
B000G6RYNE,A16S0NQ3MWJXFL,ObsidianGT,0,1,5,12/2/2010,"Delicious, what else did you expect?"
B000G6RYNE,A1UM73T71CFPSY,Rich,0,1,5,11/30/2010,Great Value
B000G6RYNE,A38KP1POQ191WT,"Judy Schinske ""Veronica""",0,1,1,7/14/2010,"I have had better ""Jalapeno Kettle Chips"""
B000G6RYNE,A1AVLKAXW55QQA,M. Simpson,0,1,4,2/1/2010,Spicy but good
B000G6RYNE,A2DQBXU2LEVWWA,V. Lowe,0,1,3,12/25/2009,boulder salt and malt vinegar chips are way better
B000G6RYNE,A4NDPXCYKRCY2,Janet R. Miles,0,1,2,11/19/2009,POTATO CHIPS
B000G6RYNE,A3TK2IOP8UQ087,"Alabaster Jones ""perpenhopher""",0,1,5,10/11/2009,"Lightly Salted, Heavily Delicious!"
